{
	"@context":"http://schema.org",
	"@type":"Organization",
	"name":"Anime Notifier",
	"description":"Anime list, tracker, database and notifier for new anime episodes. Create your own anime list and keep track of your progress as you watch.",
	"url":"https://notify.moe",
	"email":"animenotifierofficial@gmail.com",
	"logo":"https://media.notify.moe/images/brand/512.png",
	"sameAs":[
		"https://www.facebook.com/animenotifier",
		"https://twitter.com/animenotifier",
		"https://discord.gg/0kimAmMCeXGXuzNF",
		"https://github.com/animenotifier/notify.moe"
	],
	"founder":{
		"@type":"Person",
		"name":"Eduard Urbach"
	}
}